Category,Sub_Category
bath,bath accessory
bath,bath pearl flake
bath,bubble bath
bath,mineral salt
bath,oil
beauty,fragrance
beauty,make up
beauty,make up tool accessory
beauty,nail care tool
body,body butter
body,body wash
body,breast enhancement cream
body,butt enhancement
body,cream
body,lotion
body,neck cream
body,oil
body,scrub body treatment
body,set kit
body,soap
childrens dental care,dental care kit
childrens dental care,electric toothbrush
childrens dental care,manual toothbrush
childrens dental care,toothpaste
dental floss pick,dental floss
dental floss pick,dental pick
dental floss pick,power dental flossers
deodorant antiperspirant,antiperspirant
deodorant antiperspirant,combination deodorant antiperspirant
deodorant antiperspirant,deodorant
diabetes care,blood glucose monitor
diabetes care,othe diabetes care
ear care,earwax removal
extension,adhesive
extension,wig cap
extension,wig head stand
eye,balm
eye,cream
eye,mask
eye,rollerspens
eye,serum
eye,wrinkle pad patch
face,blackhead removal product
face,cleanser
face,cream moisturizers
face,facial essence
face,nose strip
face,polish scrub
face,set kit
face,toner astringent
face,treatment mask
feminine care,deodorant spray
feminine care,feminine wash
feminine care,feminine wipe
feminine care,panty liner
feminine care,sanitary napkin
feminine care,tampon
first aid,bandage bandaging supply
first aid,burn care
first aid,first aid kit
first aid,glove
first aid,itching rash treatment
first aid,mask
foot hand care,foot cream lotion
foot hand care,foot hand care
foot hand care,foot mask
foot hand care,foot rubbing brush
foot hand care,foot scrub
foot hand care,hand cream lotion
foot hand care,hand mask
hair accessory,barrette
hair accessory,hair accessory
hair care,hair loss product
hair care,hair scalp care
hair coloring product,hair color
hair coloring product,hair coloring product
hair cutting tool,hair clipper trimmer
hair cutting tool,hair cutting kit
hair cutting tool,razor
hair cutting tool,shear razor case
hair styling tool appliance,hair brush
hair styling tool appliance,hair brush comb
hair styling tool appliance,hair comb
hair styling tool appliance,hair dryer accessory
hair styling tool appliance,hair roller
hair styling tool appliance,hair straightener
hair styling tool appliance,hotair brush
hair styling tool appliance,set kit
hair weave,34 bundle
health care,foot health
health care,smoking cessation
health monitor,blood pressure monitor
health monitor,body weight scale
health monitor,stethoscope
health monitor,thermometer
home test,family planning test
home test,health test
incontinence ostomy,incontinence ostomy
incontinence ostomy,protective brief underwear
lip care,balm moisturizers
lip care,lip butter
lip care,lip mask
lip care,ointment
lip care,scrub
massage tool equipment,arm massager
massage tool equipment,back massager
massage tool equipment,electric massager
massage tool equipment,foot massager
massage tool equipment,leg massager
massage tool equipment,massage oil
massage tool equipment,scalp massager
massage tool equipment,shoulder neck massager
men,beard mustache care
men,body groomers
men,depilatory
men,electric shaver
men,nose ear hair trimmer
men,razor blade
men,shave
men,shaving accessory
men,shaving cream lotion gel
men,shaving grooming set
men,waxing
oral care,breath freshener
oral care,dental care kit
oral care,denture care
oral care,mouthwash
oral care,teeth whitening
oral care,tongue cleaner
oral care,toothpaste
piercing tattoo supply,piercing supply
shampoo conditioner,2in1 shampoo conditioner
shampoo conditioner,conditioner
shampoo conditioner,shampoo
shampoo conditioner,shampoo conditioner set
skin care,set kit
skin care,skin care set
skin care tool,acne treatment device
skin care tool,diy mask tool
skin care tool,facial cleansing brush
skin care tool,facial roller
skin care tool,facial steamer
skin care tool,skin care tool
skin care tool,traveling bottle
skin care tool,wrinkle antiaging device
sleep snoring,medicinal sleep aid
sleep snoring,snore reducing aid
sport nutrition,amino acid
sport nutrition,endurance energy
sport nutrition,fat burner thermogenics
sport nutrition,healthy snack beverage
sport nutrition,nutrition bar
sport nutrition,postworkout recovery
sport nutrition,preworkout
sport nutrition,protein
sport nutrition,testosterone booster
sport nutrition,weight gainer
styling product,hair spray
styling product,mousse foam
styling product,oilspomades
styling product,wax
sunscreen tanning product,sun
sunscreen tanning product,sunscreen
sunscreen tanning product,tanning oil lotion
synthetic wig,synthetic lace wig
tattoo supply,aftercare product
tattoo supply,tattoo ink
tattoo supply,tattoo kit
tattoo supply,tattoo needle
test strip,eye drop
toothbrush accessory,powered toothbrush accessory
toothbrush accessory,toothbrush travel container
vision care,eye patch
vision care,eyeglass care
vitamin dietary supplement,blended vitamin mineral supplement
vitamin dietary supplement,herbal supplement
vitamin dietary supplement,mineral
vitamin dietary supplement,supplement
vitamin dietary supplement,vitamin
vitamin dietary supplement,weight loss
wig,human hair
wig,synthetic extension
wig,synthetic weave
wig,wig
womens,bleaching
womens,depilatory
womens,electric shaver
womens,epilator groomers trimmer
womens,razor blade
womens,shaving cream lotion gel
womens,shaving grooming set
womens,tweezer
womens,waxing
